{
 "cpu_usage": 10.432569974762341,
 "memory_usage": 58.543995873572676,
 "disk_usage": 2.9582882494115994,
 "bytes_sent": 19128034,
 "bytes_recv": 58863651,
 "uptime": 8447,
 "timestamp": "2025-03-16T08:58:55+01:00"
}