{
 "cpu_usage": 36.01036269437425,
 "memory_usage": 65.29612006119784,
 "disk_usage": 2.8934595318984275,
 "bytes_sent": 12732255,
 "bytes_recv": 128962956,
 "uptime": 9670,
 "timestamp": "2025-03-15T09:16:34+01:00"
}